Name,Parent,DefaultEntry,Value,Text [en-US],FieldInfos
Text_list_entry_1,DI1_Title,,1,ASL2000,
Text_list_entry_2,DI1_Title,,2,ASL3000,
Text_list_entry_3,DI1_Title,,3,ASL4000,
Text_list_entry_4,DI1_Title,,4,ES1100,
Text_list_entry_5,DI1_Title,,5,ES1101,
Text_list_entry_6,DI1_Title,,6,ES1200,
Text_list_entry_7,DI1_Title,,7,ES1201,
Text_list_entry_8,DI1_Title,,8,ES2100,
Text_list_entry_9,DI1_Title,,9,ES2101,
Text_list_entry_10,DI1_Title,,10,ES3100,
Text_list_entry_11,DI1_Title,,11,ES3400,
Text_list_entry_12,DI1_Title,,12,ES4100,
Text_list_entry_13,DI1_Title,,13,RD1101,
Text_list_entry_14,DI1_Title,,14,RD2101,
Text_list_entry_15,DI1_Title,,15,RD3101,
Text_list_entry_16,DI1_Title,,16,RD4101,
Text_list_entry_17,DI1_Title,,17,RD4101,
Text_list_entry_0,DI1_Title,,0,ASL1000,
Text_list_entry_1,DI2_Title,,1,PH2001,
Text_list_entry_2,DI2_Title,,2,PH3001,
Text_list_entry_3,DI2_Title,,3,PH3001,
Text_list_entry_0,DI2_Title,,0,PH1001,
Text_list_entry_1,DI3_Title,,1,PB84101,
Text_list_entry_2,DI3_Title,,2,PB84101,
Text_list_entry_0,DI3_Title,,0,PB74101,
Text_list_entry_1,EMA1_Title,,1,EA2010,
Text_list_entry_2,EMA1_Title,,2,EA2010,
Text_list_entry_0,EMA1_Title,,0,EA1010,
Text_list_entry_1,EMC1_Title,,1,EC2001,
Text_list_entry_2,EMC1_Title,,2,EC3001,
Text_list_entry_3,EMC1_Title,,3,EC4001,
Text_list_entry_4,EMC1_Title,,4,EC4001,
Text_list_entry_0,EMC1_Title,,0,EC1001,
Text_list_entry_1,EMC2_Title,,1,EC2002,
Text_list_entry_2,EMC2_Title,,2,EC2002,
Text_list_entry_0,EMC2_Title,,0,EC1002,
Text_list_entry_1,EMC3_Title,,1,EC4002,
Text_list_entry_2,EMC3_Title,,2,EC4002,
Text_list_entry_0,EMC3_Title,,0,EC3002,
Text_list_entry_1,EMG1_Title,,1,EG2005,
Text_list_entry_2,EMG1_Title,,2,EG3005,
Text_list_entry_3,EMG1_Title,,3,EG4005,
Text_list_entry_4,EMG1_Title,,4,EG4005,
Text_list_entry_0,EMG1_Title,,0,EG1005,
Text_list_entry_1,EMM1_Title,,1,EM2009,
Text_list_entry_2,EMM1_Title,,2,EM2009,
Text_list_entry_0,EMM1_Title,,0,EM1009,
Text_list_entry_1,EMT1_Title,,1,ET2003,
Text_list_entry_2,EMT1_Title,,2,ET2003,
Text_list_entry_0,EMT1_Title,,0,ET1003,
Text_list_entry_1,EMV1_Title,,1,EV2004,
Text_list_entry_2,EMV1_Title,,2,EV3004,
Text_list_entry_3,EMV1_Title,,3,EV4004,
Text_list_entry_4,EMV1_Title,,4,EV4004,
Text_list_entry_0,EMV1_Title,,0,EV1004,
Text_list_entry_1,EMV2_Title,,1,EV2008,
Text_list_entry_2,EMV2_Title,,2,EV3008,
Text_list_entry_3,EMV2_Title,,3,EV4008,
Text_list_entry_4,EMV2_Title,,4,EV4008,
Text_list_entry_0,EMV2_Title,,0,EV1008,
Text_list_entry_1,EMX1_Title,,1,EX2014,
Text_list_entry_2,EMX1_Title,,2,EX2014,
Text_list_entry_0,EMX1_Title,,0,EX1014,
Text_list_entry_1,EMX2_Title,,1,EX4007,
Text_list_entry_2,EMX2_Title,,2,EX4007,
Text_list_entry_0,EMX2_Title,,0,EX3007,
Text_list_entry_1,EMX4_Title,,1,EX1011,
Text_list_entry_2,EMX4_Title,,2,EX2006,
Text_list_entry_3,EMX4_Title,,3,EX2011,
Text_list_entry_4,EMX4_Title,,4,EX3006,
Text_list_entry_5,EMX4_Title,,5,EX4006,
Text_list_entry_6,EMX4_Title,,6,EX4006,
Text_list_entry_0,EMX4_Title,,0,EX1006,
Text_list_entry_1,EMX5_Title,,1,EX8402,
Text_list_entry_2,EMX5_Title,,2,EX8402,
Text_list_entry_0,EMX5_Title,,0,EX7402,
Text_list_entry_1,EMX6_Title,,1,EX2015,
Text_list_entry_2,EMX6_Title,,2,EX2015,
Text_list_entry_0,EMX6_Title,,0,EX1015,
Text_list_entry_1,HE1_Title,,1,HE2101,
Text_list_entry_2,HE1_Title,,2,HE3101,
Text_list_entry_3,HE1_Title,,3,HE4101,
Text_list_entry_4,HE1_Title,,4,HE4101,
Text_list_entry_0,HE1_Title,,0,HE1101,
Text_list_entry_1,MI1_Title,,1,MI2101,
Text_list_entry_2,MI1_Title,,2,MI2101,
Text_list_entry_0,MI1_Title,,0,MI1101,
Text_list_entry_1,MOD1_Title,,1,TCV2157,
Text_list_entry_2,MOD1_Title,,2,TCV2157,
Text_list_entry_0,MOD1_Title,,0,TCV1157,
Text_list_entry_1,MOT1_Title,,1,VP1001,
Text_list_entry_2,MOT1_Title,,2,VP3000,
Text_list_entry_3,MOT1_Title,,3,VP3001,
Text_list_entry_4,MOT1_Title,,4,VP3001,
Text_list_entry_0,MOT1_Title,,0,VP1000,
Text_list_entry_1,MX_Title,,1,M2,
Text_list_entry_2,MX_Title,,2,M2,
Text_list_entry_0,MX_Title,,0,M1,
Text_list_entry_1,PC1_Title,,1,PC2103,
Text_list_entry_2,PC1_Title,,2,PC3103,
Text_list_entry_3,PC1_Title,,3,PC4103,
Text_list_entry_4,PC1_Title,,4,PC4103,
Text_list_entry_0,PC1_Title,,0,PC1103,
Text_list_entry_1,PCMX_Title,,1,PCM2,
Text_list_entry_2,PCMX_Title,,2,PCM2,
Text_list_entry_0,PCMX_Title,,0,PCM1,
Text_list_entry_1,PCSY_Title,,1,PCS2,
Text_list_entry_2,PCSY_Title,,2,PCS2,
Text_list_entry_0,PCSY_Title,,0,PCS1,
Text_list_entry_1,PI1_Title,,1,PI2103,
Text_list_entry_2,PI1_Title,,2,PI3103,
Text_list_entry_3,PI1_Title,,3,PI4103,
Text_list_entry_4,PI1_Title,,4,PI4103,
Text_list_entry_0,PI1_Title,,0,PI1103,
Text_list_entry_1,POS2_Title,,1,DV1103,
Text_list_entry_2,POS2_Title,,2,DV1105,
Text_list_entry_3,POS2_Title,,3,DV1107,
Text_list_entry_4,POS2_Title,,4,DV1109,
Text_list_entry_5,POS2_Title,,5,DV1115,
Text_list_entry_6,POS2_Title,,6,DV1117,
Text_list_entry_7,POS2_Title,,7,DV1119,
Text_list_entry_8,POS2_Title,,8,DV1121,
Text_list_entry_9,POS2_Title,,9,DV1135,
Text_list_entry_10,POS2_Title,,10,DV1137,
Text_list_entry_11,POS2_Title,,11,DV1171,
Text_list_entry_12,POS2_Title,,12,DV1173,
Text_list_entry_13,POS2_Title,,13,DV2101,
Text_list_entry_14,POS2_Title,,14,DV2103,
Text_list_entry_15,POS2_Title,,15,DV2105,
Text_list_entry_16,POS2_Title,,16,DV2107,
Text_list_entry_17,POS2_Title,,17,DV2109,
Text_list_entry_18,POS2_Title,,18,DV2115,
Text_list_entry_19,POS2_Title,,19,DV2117,
Text_list_entry_20,POS2_Title,,20,DV2119,
Text_list_entry_21,POS2_Title,,21,DV2121,
Text_list_entry_22,POS2_Title,,22,DV2135,
Text_list_entry_23,POS2_Title,,23,DV2137,
Text_list_entry_24,POS2_Title,,24,DV2171,
Text_list_entry_25,POS2_Title,,25,DV2173,
Text_list_entry_26,POS2_Title,,26,DV3101,
Text_list_entry_27,POS2_Title,,27,DV3103,
Text_list_entry_28,POS2_Title,,28,DV3105,
Text_list_entry_29,POS2_Title,,29,DV3107,
Text_list_entry_30,POS2_Title,,30,DV3109,
Text_list_entry_31,POS2_Title,,31,DV3115,
Text_list_entry_32,POS2_Title,,32,DV3117,
Text_list_entry_33,POS2_Title,,33,DV3119,
Text_list_entry_34,POS2_Title,,34,DV3121,
Text_list_entry_35,POS2_Title,,35,DV3123,
Text_list_entry_36,POS2_Title,,36,DV3125,
Text_list_entry_37,POS2_Title,,37,DV3127,
Text_list_entry_38,POS2_Title,,38,DV3129,
Text_list_entry_39,POS2_Title,,39,DV4101,
Text_list_entry_40,POS2_Title,,40,DV4103,
Text_list_entry_41,POS2_Title,,41,DV4105,
Text_list_entry_42,POS2_Title,,42,DV4107,
Text_list_entry_43,POS2_Title,,43,DV4109,
Text_list_entry_44,POS2_Title,,44,DV4115,
Text_list_entry_45,POS2_Title,,45,DV4117,
Text_list_entry_46,POS2_Title,,46,DV4119,
Text_list_entry_47,POS2_Title,,47,DV4121,
Text_list_entry_48,POS2_Title,,48,DV4123,
Text_list_entry_49,POS2_Title,,49,DV4125,
Text_list_entry_50,POS2_Title,,50,DV4127,
Text_list_entry_51,POS2_Title,,51,DV4129,
Text_list_entry_52,POS2_Title,,52,DV4129,
Text_list_entry_0,POS2_Title,,0,DV1101,
Text_list_entry_1,POS4_Title,,1,BAV1141,
Text_list_entry_2,POS4_Title,,2,BAV1143,
Text_list_entry_3,POS4_Title,,3,BAV1145,
Text_list_entry_4,POS4_Title,,4,BAV1147,
Text_list_entry_5,POS4_Title,,5,BAV1149,
Text_list_entry_6,POS4_Title,,6,BAV1167,
Text_list_entry_7,POS4_Title,,7,BAV1169,
Text_list_entry_8,POS4_Title,,8,BAV2139,
Text_list_entry_9,POS4_Title,,9,BAV2141,
Text_list_entry_10,POS4_Title,,10,BAV2143,
Text_list_entry_11,POS4_Title,,11,BAV2145,
Text_list_entry_12,POS4_Title,,12,BAV2147,
Text_list_entry_13,POS4_Title,,13,BAV2149,
Text_list_entry_14,POS4_Title,,14,BAV2167,
Text_list_entry_15,POS4_Title,,15,BAV2169,
Text_list_entry_16,POS4_Title,,16,BAV3139,
Text_list_entry_17,POS4_Title,,17,BAV3141,
Text_list_entry_18,POS4_Title,,18,BAV3143,
Text_list_entry_19,POS4_Title,,19,BAV3145,
Text_list_entry_20,POS4_Title,,20,BAV4139,
Text_list_entry_21,POS4_Title,,21,BAV4141,
Text_list_entry_22,POS4_Title,,22,BAV4143,
Text_list_entry_23,POS4_Title,,23,BAV4145,
Text_list_entry_24,POS4_Title,,24,BV1151,
Text_list_entry_25,POS4_Title,,25,BV1153,
Text_list_entry_26,POS4_Title,,26,BV2151,
Text_list_entry_27,POS4_Title,,27,BV2153,
Text_list_entry_28,POS4_Title,,28,DV1111,
Text_list_entry_29,POS4_Title,,29,DV1113,
Text_list_entry_30,POS4_Title,,30,DV2111,
Text_list_entry_31,POS4_Title,,31,DV2113,
Text_list_entry_32,POS4_Title,,32,DV3111,
Text_list_entry_33,POS4_Title,,33,DV3113,
Text_list_entry_34,POS4_Title,,34,DV4111,
Text_list_entry_35,POS4_Title,,35,DV4113,
Text_list_entry_36,POS4_Title,,36,DV4113,
Text_list_entry_0,POS4_Title,,0,BAV1139,
Text_list_entry_1,SIC1_Title,,1,AG2101,
Text_list_entry_2,SIC1_Title,,2,AG2101,
Text_list_entry_0,SIC1_Title,,0,AG1101,
Text_list_entry_1,SY_Title,,1,S2,
Text_list_entry_2,SY_Title,,2,S2,
Text_list_entry_0,SY_Title,,0,S1,
Text_list_entry_1,TC1_Title,,1,TC2109,
Text_list_entry_2,TC1_Title,,2,TC2109,
Text_list_entry_0,TC1_Title,,0,TC1109,
Text_list_entry_1,TI1_Title,,1,TI1109,
Text_list_entry_2,TI1_Title,,2,TI2105,
Text_list_entry_3,TI1_Title,,3,TI2109,
Text_list_entry_4,TI1_Title,,4,TI3105,
Text_list_entry_5,TI1_Title,,5,TI4105,
Text_list_entry_6,TI1_Title,,6,TI4105,
Text_list_entry_0,TI1_Title,,0,TI1105,
Text_list_entry_1,TI2_Title,,1,TI1103,
Text_list_entry_2,TI2_Title,,2,TI1107,
Text_list_entry_3,TI2_Title,,3,TI1111,
Text_list_entry_4,TI2_Title,,4,TI2101,
Text_list_entry_5,TI2_Title,,5,TI2103,
Text_list_entry_6,TI2_Title,,6,TI2107,
Text_list_entry_7,TI2_Title,,7,TI2111,
Text_list_entry_8,TI2_Title,,8,TI3101,
Text_list_entry_9,TI2_Title,,9,TI3103,
Text_list_entry_10,TI2_Title,,10,TI3107,
Text_list_entry_11,TI2_Title,,11,TI4101,
Text_list_entry_12,TI2_Title,,12,TI4103,
Text_list_entry_13,TI2_Title,,13,TI4107,
Text_list_entry_14,TI2_Title,,14,TI4107,
Text_list_entry_0,TI2_Title,,0,TI1101,
Text_list_entry_1,VS1_Title,,1,VS3100,
Text_list_entry_2,VS1_Title,,2,VS3100,
Text_list_entry_0,VS1_Title,,0,VS1100,
Text_list_entry_1,ZSC1_Title,,1,ZSC2101,
Text_list_entry_2,ZSC1_Title,,2,ZSC3101,
Text_list_entry_3,ZSC1_Title,,3,ZSC4101,
Text_list_entry_4,ZSC1_Title,,4,ZSC4101,
Text_list_entry_0,ZSC1_Title,,0,ZSC1101,
Text_list_entry_1,ZSC2_Title,,1,ZSC1105,
Text_list_entry_2,ZSC2_Title,,2,ZSC1107,
Text_list_entry_3,ZSC2_Title,,3,ZSC1109,
Text_list_entry_4,ZSC2_Title,,4,ZSC1111,
Text_list_entry_5,ZSC2_Title,,5,ZSC1113,
Text_list_entry_6,ZSC2_Title,,6,ZSC1115,
Text_list_entry_7,ZSC2_Title,,7,ZSC2103,
Text_list_entry_8,ZSC2_Title,,8,ZSC2105,
Text_list_entry_9,ZSC2_Title,,9,ZSC2107,
Text_list_entry_10,ZSC2_Title,,10,ZSC2109,
Text_list_entry_11,ZSC2_Title,,11,ZSC2111,
Text_list_entry_12,ZSC2_Title,,12,ZSC2113,
Text_list_entry_13,ZSC2_Title,,13,ZSC2115,
Text_list_entry_14,ZSC2_Title,,14,ZSC3103,
Text_list_entry_15,ZSC2_Title,,15,ZSC3105,
Text_list_entry_16,ZSC2_Title,,16,ZSC3107,
Text_list_entry_17,ZSC2_Title,,17,ZSC3111,
Text_list_entry_18,ZSC2_Title,,18,ZSC3113,
Text_list_entry_19,ZSC2_Title,,19,ZSC3115,
Text_list_entry_20,ZSC2_Title,,20,ZSC3117,
Text_list_entry_21,ZSC2_Title,,21,ZSC4103,
Text_list_entry_22,ZSC2_Title,,22,ZSC4105,
Text_list_entry_23,ZSC2_Title,,23,ZSC4107,
Text_list_entry_24,ZSC2_Title,,24,ZSC4111,
Text_list_entry_25,ZSC2_Title,,25,ZSC4113,
Text_list_entry_26,ZSC2_Title,,26,ZSC4115,
Text_list_entry_27,ZSC2_Title,,27,ZSC4117,
Text_list_entry_28,ZSC2_Title,,28,ZSC4117,
Text_list_entry_0,ZSC2_Title,,0,ZSC1103,
Text_list_entry_1,DI1_Description,,1,Instrument Air Switch,
Text_list_entry_2,DI1_Description,,2,Instrument Air Switch,
Text_list_entry_3,DI1_Description,,3,Instrument Air Switch,
Text_list_entry_4,DI1_Description,,4,M1 EStop on M1 HMI,
Text_list_entry_5,DI1_Description,,5,M1 EStop on M1/M2 Shared HMI,
Text_list_entry_6,DI1_Description,,6,M2 EStop on M2 HMI Feed to M1,
Text_list_entry_7,DI1_Description,,7,M2 EStop on M1/M2 Shared HMI to M1,
Text_list_entry_8,DI1_Description,,8,M2 EStop on M2 HMI,
Text_list_entry_9,DI1_Description,,9,M2 EStop on M1/M2 Shared HMI,
Text_list_entry_10,DI1_Description,,10,S1 EStop on S1 HMI,
Text_list_entry_11,DI1_Description,,11,S2 EStop on S2 HMI Feed to S1,
Text_list_entry_12,DI1_Description,,12,S2 EStop on S2 HMI,
Text_list_entry_13,DI1_Description,,13,M1 Burst Disc,
Text_list_entry_14,DI1_Description,,14,M2 Burst Disc,
Text_list_entry_15,DI1_Description,,15,S1 Burst Disc,
Text_list_entry_16,DI1_Description,,16,S2 Burst Disc,
Text_list_entry_17,DI1_Description,,17,S2 Burst Disc,
Text_list_entry_0,DI1_Description,,0,Instrument Air Switch,
Text_list_entry_1,DI2_Description,,1,M2 Three Phase Relay,
Text_list_entry_2,DI2_Description,,2,S1 Three Phase Relay,
Text_list_entry_3,DI2_Description,,3,S1 Three Phase Relay,
Text_list_entry_0,DI2_Description,,0,M1 Three Phase Relay,
Text_list_entry_1,DI3_Description,,1,BFS2 Pause Push Button,
Text_list_entry_2,DI3_Description,,2,BFS2 Pause Software Push Button,
Text_list_entry_0,DI3_Description,,0,BFS1 Pause Push Button,
Text_list_entry_1,EMA1_Description,,1,M2 Vessel Agitator,
Text_list_entry_2,EMA1_Description,,2,M2 Vessel Agitator,
Text_list_entry_0,EMA1_Description,,0,M1 Vessel Agitator,
Text_list_entry_1,EMC1_Description,,1,M2 LPCA HPCA Vacuum and Vent,
Text_list_entry_2,EMC1_Description,,2,S1 LPCA HPCA Vacuum and Vent,
Text_list_entry_3,EMC1_Description,,3,S2 LPCA HPCA Vacuum and Vent,
Text_list_entry_4,EMC1_Description,,4,S2 LP CA and HP CA supply Vacuum and Vent,
Text_list_entry_0,EMC1_Description,,0,M1 LPCA HPCA Vacuum and Vent,
Text_list_entry_1,EMC2_Description,,1,M2 WFI and PW and PS,
Text_list_entry_2,EMC2_Description,,2,M2 WFI and PS supply plus PW and PS supply,
Text_list_entry_0,EMC2_Description,,0,M1 WFI and PW and PS,
Text_list_entry_1,EMC3_Description,,1,S2 WFI and PW and PS,
Text_list_entry_2,EMC3_Description,,2,S2 WFI and PS supply plus PW and PS supply,
Text_list_entry_0,EMC3_Description,,0,S1 WFI and PW and PS,
Text_list_entry_1,EMG1_Description,,1,M2 gas filter and temperature,
Text_list_entry_2,EMG1_Description,,2,S1 gas filter and temperature,
Text_list_entry_3,EMG1_Description,,3,S2 gas filter and temperature,
Text_list_entry_4,EMG1_Description,,4,S2 gas filter heating drain valve and temperature indicator,
Text_list_entry_0,EMG1_Description,,0,M1 gas filter and temperature,
Text_list_entry_1,EMM1_Description,,1,M2 load cell,
Text_list_entry_2,EMM1_Description,,2,M2 load cell,
Text_list_entry_0,EMM1_Description,,0,M1 load cell,
Text_list_entry_1,EMT1_Description,,1,MFL2 HEX Temperature Control,
Text_list_entry_2,EMT1_Description,,2,Manufacturing Filtration Line Heat Exchanger Temperature Control,
Text_list_entry_0,EMT1_Description,,0,MFL1 HEX Temperature Control,
Text_list_entry_1,EMV1_Description,,1,M2 vessel equipment and valves,
Text_list_entry_2,EMV1_Description,,2,S1 vessel equipment and valves,
Text_list_entry_3,EMV1_Description,,3,S2 vessel equipment and valves,
Text_list_entry_4,EMV1_Description,,4,S2 vessel mounted equipment and valves,
Text_list_entry_0,EMV1_Description,,0,M1 vessel equipment and valves,
Text_list_entry_1,EMV2_Description,,1,M2 Vessel Inlet Connection,
Text_list_entry_2,EMV2_Description,,2,S1 Vessel Inlet Connection,
Text_list_entry_3,EMV2_Description,,3,S2 Vessel Inlet Connection,
Text_list_entry_4,EMV2_Description,,4,S2 Vessel Inlet Connection,
Text_list_entry_0,EMV2_Description,,0,M1 Vessel Inlet Connection,
Text_list_entry_1,EMX1_Description,,1,MMFL2 filtration transfer line,
Text_list_entry_2,EMX1_Description,,2,MMFL2 filtration transfer line,
Text_list_entry_0,EMX1_Description,,0,MMFL1 filtration transfer line,
Text_list_entry_1,EMX2_Description,,1,S2 Vessel Transfer Lines,
Text_list_entry_2,EMX2_Description,,2,S2 Vessel Transfer Lines,
Text_list_entry_0,EMX2_Description,,0,S1 Vessel Transfer Lines,
Text_list_entry_1,EMX4_Description,,1,SMFL1 CIP & SIP Drain Line,
Text_list_entry_2,EMX4_Description,,2,M2 CIP & SIP Drain,
Text_list_entry_3,EMX4_Description,,3,SMFL2 CIP & SIP Drain Line,
Text_list_entry_4,EMX4_Description,,4,S1 Vessel CIP & SIP Drain,
Text_list_entry_5,EMX4_Description,,5,S2 Vessel CIP & SIP Drain,
Text_list_entry_6,EMX4_Description,,6,S2 Vessel CIP & SIP Drain,
Text_list_entry_0,EMX4_Description,,0,M1 CIP & SIP Drain,
Text_list_entry_1,EMX5_Description,,1,BFS2 Filling Machine,
Text_list_entry_2,EMX5_Description,,2,BFS2 Filling Machine,
Text_list_entry_0,EMX5_Description,,0,BFS1 Filling Machine,
Text_list_entry_1,EMX6_Description,,1,SMFL2 filtration transfer line,
Text_list_entry_2,EMX6_Description,,2,SMFL2 filtration transfer line,
Text_list_entry_0,EMX6_Description,,0,SMFL1 filtration transfer line,
Text_list_entry_1,HE1_Description,,1,M2 Electric Heating Element,
Text_list_entry_2,HE1_Description,,2,S1 Electric Heating Element,
Text_list_entry_3,HE1_Description,,3,S2 Electric Heating Element,
Text_list_entry_4,HE1_Description,,4,S2 Electric Heating Element,
Text_list_entry_0,HE1_Description,,0,M1 Electric Heating Element,
Text_list_entry_1,MI1_Description,,1,M2 Mass Indicator,
Text_list_entry_2,MI1_Description,,2,M2 Mass Indicator,
Text_list_entry_0,MI1_Description,,0,M1 Mass Indicator,
Text_list_entry_1,MOD1_Description,,1,MFL cooling water supply valve,
Text_list_entry_2,MOD1_Description,,2,Manufacturing Filtration Line cooling water supply valve,
Text_list_entry_0,MOD1_Description,,0,MFL cooling water supply valve,
Text_list_entry_1,MOT1_Description,,1,Mx Vacuum Pump 2,
Text_list_entry_2,MOT1_Description,,2,Sy Vacuum Pump 1,
Text_list_entry_3,MOT1_Description,,3,Sy Vacuum Pump 2,
Text_list_entry_4,MOT1_Description,,4,Sy Vacuum Pump 2,
Text_list_entry_0,MOT1_Description,,0,Mx Vacuum Pump 1,
Text_list_entry_1,MX_Description,,1,Manufacturing Vessel 2,
Text_list_entry_2,MX_Description,,2,Manufacturing Vessel 2,
Text_list_entry_0,MX_Description,,0,Manufacturing Vessel 1,
Text_list_entry_1,PC1_Description,,1,M2 Pressure Control,
Text_list_entry_2,PC1_Description,,2,S1 Pressure Controller,
Text_list_entry_3,PC1_Description,,3,S2 Pressure Controller,
Text_list_entry_4,PC1_Description,,4,S2 Pressure Controller,
Text_list_entry_0,PC1_Description,,0,M1 Pressure Control,
Text_list_entry_1,PCMX_Description,,1,SMS Process Cell 2,
Text_list_entry_2,PCMX_Description,,2,SMS Process Cell 2,
Text_list_entry_0,PCMX_Description,,0,SMS Process Cell 1,
Text_list_entry_1,PCSY_Description,,1,SMS Process Cell 4,
Text_list_entry_2,PCSY_Description,,2,SMS Process Cell 4,
Text_list_entry_0,PCSY_Description,,0,SMS Process Cell 3,
Text_list_entry_1,PI1_Description,,1,M2 Vessel Pressure,
Text_list_entry_2,PI1_Description,,2,S1 Vessel Pressure,
Text_list_entry_3,PI1_Description,,3,S2 Vessel Pressure,
Text_list_entry_4,PI1_Description,,4,S2 Vessel Pressure,
Text_list_entry_0,PI1_Description,,0,M1 Vessel Pressure,
Text_list_entry_1,POS2_Description,,1,M1 HP CA Supply Valve,
Text_list_entry_2,POS2_Description,,2,M1 LP CA Supply Valve,
Text_list_entry_3,POS2_Description,,3,M1 Vacuum valve,
Text_list_entry_4,POS2_Description,,4,M1 PS Supply for WFI Loop,
Text_list_entry_5,POS2_Description,,5,M1 PS Supply for PW Loop,
Text_list_entry_6,POS2_Description,,6,M1 Spray Ball 1 Valve,
Text_list_entry_7,POS2_Description,,7,M1 Spray Ball 2 Valve,
Text_list_entry_8,POS2_Description,,8,M1 Outlet Valve,
Text_list_entry_9,POS2_Description,,9,SMFL1 outlet drain valve,
Text_list_entry_10,POS2_Description,,10,SMFL1 Filter outlet valve,
Text_list_entry_11,POS2_Description,,11,MMFL1 Filter inlet drain valve,
Text_list_entry_12,POS2_Description,,12,MMFL1 HEX inlet valve,
Text_list_entry_13,POS2_Description,,13,M2 Vent Valve,
Text_list_entry_14,POS2_Description,,14,M2 HP CA Supply Valve,
Text_list_entry_15,POS2_Description,,15,M2 LP CA Supply Valve,
Text_list_entry_16,POS2_Description,,16,M2 Vacuum valve,
Text_list_entry_17,POS2_Description,,17,M2 PS Supply for WFI Loop,
Text_list_entry_18,POS2_Description,,18,M2 PS Supply for PW Loop,
Text_list_entry_19,POS2_Description,,19,M2 Spray Ball 1 Valve,
Text_list_entry_20,POS2_Description,,20,M2 Spray Ball 2 Valve,
Text_list_entry_21,POS2_Description,,21,M2 Outlet Valve,
Text_list_entry_22,POS2_Description,,22,SMFL2 outlet drain valve,
Text_list_entry_23,POS2_Description,,23,SMFL2 Filter outlet valve,
Text_list_entry_24,POS2_Description,,24,MMFL2 Filter inlet drain valve,
Text_list_entry_25,POS2_Description,,25,MMFL2 HEX inlet valve,
Text_list_entry_26,POS2_Description,,26,S1 Vent Valve,
Text_list_entry_27,POS2_Description,,27,S1 HP CA Supply Valve,
Text_list_entry_28,POS2_Description,,28,S1 LP CA Supply Valve,
Text_list_entry_29,POS2_Description,,29,S1 Vacuum valve,
Text_list_entry_30,POS2_Description,,30,S1 PS Supply for WFI Loop,
Text_list_entry_31,POS2_Description,,31,S1 PS Supply for PW Loop,
Text_list_entry_32,POS2_Description,,32,S1 Spray Ball 1 Valve,
Text_list_entry_33,POS2_Description,,33,S1 Spray Ball 2 Valve,
Text_list_entry_34,POS2_Description,,34,S1 Outlet Valve,
Text_list_entry_35,POS2_Description,,35,S1 Transfer valve from vessel,
Text_list_entry_36,POS2_Description,,36,S1 Transfer valve from SMFL,
Text_list_entry_37,POS2_Description,,37,S1 Transfer valve to drain,
Text_list_entry_38,POS2_Description,,38,S1 Transfer valve to filling,
Text_list_entry_39,POS2_Description,,39,S2 Vent Valve,
Text_list_entry_40,POS2_Description,,40,S2 HP CA Supply Valve,
Text_list_entry_41,POS2_Description,,41,S2 LP CA Supply Valve,
Text_list_entry_42,POS2_Description,,42,S2 Vacuum valve,
Text_list_entry_43,POS2_Description,,43,S2 PS Supply for WFI Loop,
Text_list_entry_44,POS2_Description,,44,S2 PS Supply for PW Loop,
Text_list_entry_45,POS2_Description,,45,S2 Spray Ball 1 Valve,
Text_list_entry_46,POS2_Description,,46,S2 Spray Ball 2 Valve,
Text_list_entry_47,POS2_Description,,47,S2 Outlet Valve,
Text_list_entry_48,POS2_Description,,48,S2 Transfer valve from vessel,
Text_list_entry_49,POS2_Description,,49,S2 Transfer valve from SMFL,
Text_list_entry_50,POS2_Description,,50,S2 Transfer valve to drain,
Text_list_entry_51,POS2_Description,,51,S2 Transfer valve to filling,
Text_list_entry_52,POS2_Description,,52,S2 Transfer line valve to filling,
Text_list_entry_0,POS2_Description,,0,M1 Vent Valve,
Text_list_entry_1,POS4_Description,,1,M1 Vent Filter drain valve,
Text_list_entry_2,POS4_Description,,2,M1 SIP Condensate Drain Valve,
Text_list_entry_3,POS4_Description,,3,M1 CIP Drain Valve,
Text_list_entry_4,POS4_Description,,4,SMFL1 Condensate Drain Valve,
Text_list_entry_5,POS4_Description,,5,SMFL1 CIP Drain Valve,
Text_list_entry_6,POS4_Description,,6,MFL1 PCW Supply Drain Valve,
Text_list_entry_7,POS4_Description,,7,MFL1 PCW Return Drain Valve,
Text_list_entry_8,POS4_Description,,8,M2 Vent line drain valve,
Text_list_entry_9,POS4_Description,,9,M2 Vent Filter drain valve,
Text_list_entry_10,POS4_Description,,10,M2 SIP Condensate Drain Valve,
Text_list_entry_11,POS4_Description,,11,M2 CIP Drain Valve,
Text_list_entry_12,POS4_Description,,12,SMFL2 Condenste Drain Valve,
Text_list_entry_13,POS4_Description,,13,SMFL2 CIP Drain Valve,
Text_list_entry_14,POS4_Description,,14,MFL2 PCW Supply Drain Valve,
Text_list_entry_15,POS4_Description,,15,MFL2 PCW Return Drain Valve,
Text_list_entry_16,POS4_Description,,16,S1 Vent line drain valve,
Text_list_entry_17,POS4_Description,,17,S1 Vent Filter drain valve,
Text_list_entry_18,POS4_Description,,18,S1 SIP Drain valve,
Text_list_entry_19,POS4_Description,,19,S1 CIP Drain valve,
Text_list_entry_20,POS4_Description,,20,S2 Vent line drain valve,
Text_list_entry_21,POS4_Description,,21,S2 Vent Filter drain valve,
Text_list_entry_22,POS4_Description,,22,S2 SIP Drain valve,
Text_list_entry_23,POS4_Description,,23,S2 CIP Drain valve,
Text_list_entry_24,POS4_Description,,24,MFL1 PCW Return Valve,
Text_list_entry_25,POS4_Description,,25,MFL1 PCW Supply Valve,
Text_list_entry_26,POS4_Description,,26,MFL2 PCW Return Valve,
Text_list_entry_27,POS4_Description,,27,MFL2 PCW Supply Valve,
Text_list_entry_28,POS4_Description,,28,M1 WFI Supply Valve,
Text_list_entry_29,POS4_Description,,29,M1 PW Supply Valve,
Text_list_entry_30,POS4_Description,,30,M2 WFI Supply Valve,
Text_list_entry_31,POS4_Description,,31,M2 PW Supply Valve,
Text_list_entry_32,POS4_Description,,32,S1 WFI Supply Valve,
Text_list_entry_33,POS4_Description,,33,S1 PW Supply Valve,
Text_list_entry_34,POS4_Description,,34,S2 WFI Supply Valve,
Text_list_entry_35,POS4_Description,,35,S2 PW Supply Valve,
Text_list_entry_36,POS4_Description,,36,S2 PW Supply Valve,
Text_list_entry_0,POS4_Description,,0,M1 Vent line drain valve,
Text_list_entry_1,SIC1_Description,,1,M2 Agitator,
Text_list_entry_2,SIC1_Description,,2,M2 Agitator,
Text_list_entry_0,SIC1_Description,,0,M1 Agitator,
Text_list_entry_1,SY_Description,,1,Storage Vessel 2,
Text_list_entry_2,SY_Description,,2,Storage Vessel 2,
Text_list_entry_0,SY_Description,,0,Storage Vessel 1,
Text_list_entry_1,TC1_Description,,1,MFL2 HEX Temperature Control,
Text_list_entry_2,TC1_Description,,2,Manufacturing Filtration Line Inline Heat Exchanger Temperature Controller,
Text_list_entry_0,TC1_Description,,0,MFL1 HEX Temperature Control,
Text_list_entry_1,TI1_Description,,1,MFL1 HEX Temperature,
Text_list_entry_2,TI1_Description,,2,M2 Temperature Indicator,
Text_list_entry_3,TI1_Description,,3,MFL2 HEX Temperature,
Text_list_entry_4,TI1_Description,,4,S1 Temperature Indicator,
Text_list_entry_5,TI1_Description,,5,S2 Temperature Indicator,
Text_list_entry_6,TI1_Description,,6,S2 Temperature Indicator,
Text_list_entry_0,TI1_Description,,0,M1 Temperature Indicator,
Text_list_entry_1,TI2_Description,,1,M1 Vent Filter top outlet temp,
Text_list_entry_2,TI2_Description,,2,M1 Drain Temperature Indicator,
Text_list_entry_3,TI2_Description,,3,SMFL1 Drain Temperature,
Text_list_entry_4,TI2_Description,,4,M2 Vent Filter Temperature,
Text_list_entry_5,TI2_Description,,5,M2 Vent Filter top outlet temp,
Text_list_entry_6,TI2_Description,,6,M2 Drain Temperature,
Text_list_entry_7,TI2_Description,,7,SMFL2 Drain Temperature,
Text_list_entry_8,TI2_Description,,8,S1 Vent Filter Temperature,
Text_list_entry_9,TI2_Description,,9,S1 Vent Filter top outlet temp,
Text_list_entry_10,TI2_Description,,10,S1 Drain temperature,
Text_list_entry_11,TI2_Description,,11,S2 Vent Filter Temperature,
Text_list_entry_12,TI2_Description,,12,S2 Vent Filter top outlet temp,
Text_list_entry_13,TI2_Description,,13,S2 Drain temperature,
Text_list_entry_14,TI2_Description,,14,S2 Drain temperature,
Text_list_entry_0,TI2_Description,,0,M1 Vent Filter temperature,
Text_list_entry_1,VS1_Description,,1,Storage Vessels Vacuum System,
Text_list_entry_2,VS1_Description,,2,Storage Vessels Vacuum System,
Text_list_entry_0,VS1_Description,,0,Mixing Vessels Vacuum System,
Text_list_entry_1,ZSC1_Description,,1,M2 Manway Close Indicator,
Text_list_entry_2,ZSC1_Description,,2,S1 Manway Close Indicator,
Text_list_entry_3,ZSC1_Description,,3,S2 Manway Close Indicator,
Text_list_entry_4,ZSC1_Description,,4,S2 Manway Close Indicator,
Text_list_entry_0,ZSC1_Description,,0,M1 Manway Close Indicator,
Text_list_entry_1,ZSC2_Description,,1,M1 PW Supply Flowpath,
Text_list_entry_2,ZSC2_Description,,2,M1 inlet line Flowpath,
Text_list_entry_3,ZSC2_Description,,3,SMFL1 outlet Flowpath,
Text_list_entry_4,ZSC2_Description,,4,SMFL1 Outlet CIPSIP Flowpath,
Text_list_entry_5,ZSC2_Description,,5,MMFL1 Inlet Flowpath,
Text_list_entry_6,ZSC2_Description,,6,MMFL1 Inlet CIPSIP Flowpath,
Text_list_entry_7,ZSC2_Description,,7,M2 WFI Supply Flowpath,
Text_list_entry_8,ZSC2_Description,,8,M2 PW Supply Flowpath,
Text_list_entry_9,ZSC2_Description,,9,M2 inlet line Flowpath,
Text_list_entry_10,ZSC2_Description,,10,SMFL2 outlet Flowpath,
Text_list_entry_11,ZSC2_Description,,11,SMFL2 Outlet CIPSIP Flowpath,
Text_list_entry_12,ZSC2_Description,,12,MMFL2 Inlet Flowpath,
Text_list_entry_13,ZSC2_Description,,13,MMFL2 Inlet CIP & SIP Flowpath,
Text_list_entry_14,ZSC2_Description,,14,S1 WFI Supply Flowpath,
Text_list_entry_15,ZSC2_Description,,15,S1 PW Supply Flowpath,
Text_list_entry_16,ZSC2_Description,,16,S1 Inlet line Flowpath,
Text_list_entry_17,ZSC2_Description,,17,VTL1 to M1 Flowpath Indicator,
Text_list_entry_18,ZSC2_Description,,18,VTL1 to M2 Flowpath Indicator,
Text_list_entry_19,ZSC2_Description,,19,S1 to F1P1 Flowpath Indicator,
Text_list_entry_20,ZSC2_Description,,20,S1 to F2P1 Flowpath Indicator,
Text_list_entry_21,ZSC2_Description,,21,S2 WFI Supply Flowpath,
Text_list_entry_22,ZSC2_Description,,22,S2 PW Supply Flowpath,
Text_list_entry_23,ZSC2_Description,,23,S2 Inlet line Flowpath,
Text_list_entry_24,ZSC2_Description,,24,VTL2 to M1 Flowpath Indicator,
Text_list_entry_25,ZSC2_Description,,25,VTL2 to M2 Flowpath Indicator,
Text_list_entry_26,ZSC2_Description,,26,S2 to F1P1 Flowpath Indicator,
Text_list_entry_27,ZSC2_Description,,27,S2 to F2P1 Flowpath Indicator,
Text_list_entry_28,ZSC2_Description,,28,S2 to F2P1 Flowpath Indicator,
Text_list_entry_0,ZSC2_Description,,0,M1 WFI Supply Flowpath,
Text list entry_1,Medium,,0,None,
Text list entry_2,Medium,,1,WFI,
Text list entry_3,Medium,,2,PW,
Text list entry_4,Medium,,3,CS (WFI),
Text list entry_5,Medium,,4,CS (PW),
Text list entry_1,ValveEMC1,,0,No Gas,
Text list entry_2,ValveEMC1,,1,HPN2,
Text list entry_3,ValveEMC1,,2,CA,
Text list entry_4,ValveEMC1,,3,LPN2,
Text list entry_5,ValveEMC1,,4,VENT,
Text list entry_6,ValveEMC1,,5,VACUUM,
Text list entry_7,ValveEMC1,,6,CS,
Text list entry_8,ValveEMC1,,7,DRAIN,
Text_list_entry_0,CRIL_Title,,0,AG1101,
Text_list_entry_1,CRIL_Title,,1,BAV1139,
Text_list_entry_2,CRIL_Title,,2,BAV1141,
Text_list_entry_3,CRIL_Title,,3,BAV1143,
Text_list_entry_4,CRIL_Title,,4,BAV1145,
Text_list_entry_5,CRIL_Title,,5,BAV1147,
Text_list_entry_6,CRIL_Title,,6,BAV1149,
Text_list_entry_7,CRIL_Title,,7,BAV1167,
Text_list_entry_8,CRIL_Title,,8,BAV1169,
Text_list_entry_9,CRIL_Title,,9,BAV3139,
Text_list_entry_10,CRIL_Title,,10,BAV3141,
Text_list_entry_11,CRIL_Title,,11,BAV3143,
Text_list_entry_12,CRIL_Title,,12,BAV3145,
Text_list_entry_13,CRIL_Title,,13,BV1151,
Text_list_entry_14,CRIL_Title,,14,BV1153,
Text_list_entry_15,CRIL_Title,,15,DV1101,
Text_list_entry_16,CRIL_Title,,16,DV1103,
Text_list_entry_17,CRIL_Title,,17,DV1105,
Text_list_entry_18,CRIL_Title,,18,DV1107,
Text_list_entry_19,CRIL_Title,,19,DV1109,
Text_list_entry_20,CRIL_Title,,20,DV1111,
Text_list_entry_21,CRIL_Title,,21,DV1113,
Text_list_entry_22,CRIL_Title,,22,DV1115,
Text_list_entry_23,CRIL_Title,,23,DV1117,
Text_list_entry_24,CRIL_Title,,24,DV1119,
Text_list_entry_25,CRIL_Title,,25,DV1121,
Text_list_entry_26,CRIL_Title,,26,DV1135,
Text_list_entry_27,CRIL_Title,,27,DV1137,
Text_list_entry_28,CRIL_Title,,28,DV1171,
Text_list_entry_29,CRIL_Title,,29,DV1173,
Text_list_entry_30,CRIL_Title,,30,DV3101,
Text_list_entry_31,CRIL_Title,,31,DV3103,
Text_list_entry_32,CRIL_Title,,32,DV3105,
Text_list_entry_33,CRIL_Title,,33,DV3107,
Text_list_entry_34,CRIL_Title,,34,DV3109,
Text_list_entry_35,CRIL_Title,,35,DV3111,
Text_list_entry_36,CRIL_Title,,36,DV3113,
Text_list_entry_37,CRIL_Title,,37,DV3115,
Text_list_entry_38,CRIL_Title,,38,DV3117,
Text_list_entry_39,CRIL_Title,,39,DV3119,
Text_list_entry_40,CRIL_Title,,40,DV3121,
Text_list_entry_41,CRIL_Title,,41,DV3125,
Text_list_entry_42,CRIL_Title,,42,DV3129,
Text_list_entry_43,CRIL_Title,,43,HE1101,
Text_list_entry_44,CRIL_Title,,44,HE3101,
Text_list_entry_45,CRIL_Title,,45,PC1103,
Text_list_entry_46,CRIL_Title,,46,PC3103,
Text_list_entry_47,CRIL_Title,,47,TC1109,
Text_list_entry_48,CRIL_Title,,48,TCV1157,
Text_list_entry_49,CRIL_Title,,49,VP1000,
Text_list_entry_50,CRIL_Title,,50,VP1001,
Text_list_entry_51,CRIL_Title,,51,VP3000,
Text_list_entry_52,CRIL_Title,,52,VP3001,
Text_list_entry_0,NCRIL_Title,,0,DV1107,
Text_list_entry_1,NCRIL_Title,,1,DV1117,
Text_list_entry_2,NCRIL_Title,,2,DV1119,
Text_list_entry_3,NCRIL_Title,,3,DV3107,
Text_list_entry_4,NCRIL_Title,,4,DV3117,
Text_list_entry_5,NCRIL_Title,,5,DV3119,
Text_list_entry_0,CRIL_Description,,0,Agitator,
Text_list_entry_1,CRIL_Description,,1,Vent line drain valve,
Text_list_entry_2,CRIL_Description,,2,Vent Filter Drain valve,
Text_list_entry_3,CRIL_Description,,3,SIP Condensate Drain Valve,
Text_list_entry_4,CRIL_Description,,4,CIP Drain Valve,
Text_list_entry_5,CRIL_Description,,5,SMFLx SIP Condenste Drain Valve,
Text_list_entry_6,CRIL_Description,,6,SMFLx CIP Drain Valve,
Text_list_entry_7,CRIL_Description,,7,MMFLx Cooling Water Supply Drain Va,
Text_list_entry_8,CRIL_Description,,8,MMFLx Cooling Water Return Drain Va,
Text_list_entry_9,CRIL_Description,,9,Vent line drain valve,
Text_list_entry_10,CRIL_Description,,10,Vent Filter Drain valve,
Text_list_entry_11,CRIL_Description,,11,SIP Condensate Drain Valve,
Text_list_entry_12,CRIL_Description,,12,CIP Drain Valve,
Text_list_entry_13,CRIL_Description,,13,MMFLx Cooling Water Supply Valve,
Text_list_entry_14,CRIL_Description,,14,MMFLx Cooling Water Return Valve,
Text_list_entry_15,CRIL_Description,,15,Vent Valve,
Text_list_entry_16,CRIL_Description,,16,HP CA Supply Valve,
Text_list_entry_17,CRIL_Description,,17,LP CA Supply Valve,
Text_list_entry_18,CRIL_Description,,18,Vacuum valve,
Text_list_entry_19,CRIL_Description,,19,PS Supply for WFI Loop,
Text_list_entry_20,CRIL_Description,,20,WFI Supply Valve,
Text_list_entry_21,CRIL_Description,,21,PW Supply Valve,
Text_list_entry_22,CRIL_Description,,22,PS Supply for PW Loop,
Text_list_entry_23,CRIL_Description,,23,Spray Ball 1 Valve,
Text_list_entry_24,CRIL_Description,,24,Spray Ball 2 Valve,
Text_list_entry_25,CRIL_Description,,25,Outlet Valve,
Text_list_entry_26,CRIL_Description,,26,SMFLx filter outlet drain valve,
Text_list_entry_27,CRIL_Description,,27,SMFLx filter outlet valve,
Text_list_entry_28,CRIL_Description,,28,MMFLx filter inlet drain valve,
Text_list_entry_29,CRIL_Description,,29,MMFLx Inline Heat Exchanger inlet v,
Text_list_entry_30,CRIL_Description,,30,Vent Valve,
Text_list_entry_31,CRIL_Description,,31,HP CA Supply Valve,
Text_list_entry_32,CRIL_Description,,32,LP CA Supply Valve,
Text_list_entry_33,CRIL_Description,,33,Vacuum valve,
Text_list_entry_34,CRIL_Description,,34,PS Supply for WFI Loop,
Text_list_entry_35,CRIL_Description,,35,WFI Supply Valve,
Text_list_entry_36,CRIL_Description,,36,PW Supply Valve,
Text_list_entry_37,CRIL_Description,,37,PS Supply for PW Loop,
Text_list_entry_38,CRIL_Description,,38,Spray Ball 1 Valve,
Text_list_entry_39,CRIL_Description,,39,Spray Ball 2 Valve,
Text_list_entry_40,CRIL_Description,,40,Outlet Valve,
Text_list_entry_41,CRIL_Description,,41,Sy Transfer line Valve Matrix SMFLx,
Text_list_entry_42,CRIL_Description,,42,Sy Transfer line Valve Matrix FLz,
Text_list_entry_43,CRIL_Description,,43,Electric Heating Element,
Text_list_entry_44,CRIL_Description,,44,Electric Heating Element,
Text_list_entry_45,CRIL_Description,,45,Pressure Control,
Text_list_entry_46,CRIL_Description,,46,Pressure Control,
Text_list_entry_47,CRIL_Description,,47,MMFLx Inline Heat Exchanger Tempera,
Text_list_entry_48,CRIL_Description,,48,MMFLx cooling water supply control,
Text_list_entry_49,CRIL_Description,,49,MX Vacuum Pump 1,
Text_list_entry_50,CRIL_Description,,50,MX Vacuum Pump 2,
Text_list_entry_51,CRIL_Description,,51,SY Vacuum Pump 1,
Text_list_entry_52,CRIL_Description,,52,SY Vacuum Pump 2,
Text_list_entry_0,NCRIL_Description,,0,Vacuum valve,
Text_list_entry_1,NCRIL_Description,,1,Spray Ball 1 Valve,
Text_list_entry_2,NCRIL_Description,,2,Spray Ball 2 Valve,
Text_list_entry_3,NCRIL_Description,,3,Vacuum valve,
Text_list_entry_4,NCRIL_Description,,4,Spray Ball 1 Valve,
Text_list_entry_5,NCRIL_Description,,5,Spray Ball 2 Valve,
Text_list_entry_1,timeRange,,1,Hours,
Text_list_entry_2,timeRange,,2,Days,
Text_list_entry_3,timeRange,,3,Weeks,
Text_list_entry_4,timeRange,,4,Months,
Text_list_entry_5,timeRange,,5,Years,
eventPrompt_0,replyMessage,,0,<No value>,
eventPrompt_1,replyMessage,,1,PH_EMC2_CHARGE Operator to confirrm retry or abort? Timeout charging vessel.,
eventPrompt_2,replyMessage,,2,PH_EMC2_CHARGE Operator to confirrm retry or abort? Charge mass incorrect.,
eventPrompt_3,replyMessage,,3,PH_EMC2_ISOLATE Operator to confirm WFI and PW lines disconnected,
eventPrompt_4,replyMessage,,4,PH_EMC2_SETUP Operator to confirm PW line connected,
eventPrompt_5,replyMessage,,5,PH_EMC2_SETUP Operator to confirm WFI line connected,
eventPrompt_6,replyMessage,,6,PH_EMC2_CHARGE Operator to confirrm retry or abort? Timeout charging vessel.,
eventPrompt_7,replyMessage,,7,PH_EMC2_CHARGE Operator to confirrm retry or abort? Charge mass incorrect.,
eventPrompt_8,replyMessage,,8,PH_EMC2_ISOLATE Operator to confirm WFI and PW lines disconnected,
eventPrompt_9,replyMessage,,9,PH_EMC2_SETUP Operator to confirm PW line connected,
eventPrompt_10,replyMessage,,10,PH_EMC2_SETUP Operator to confirm WFI line connected,
eventPrompt_11,replyMessage,,11,PH_EMC3_ISOLATE Operator to confirm WFI and PW lines disconnected,
eventPrompt_12,replyMessage,,12,PH_EMC3_SETUP Operator to confirm PW line connected,
eventPrompt_13,replyMessage,,13,PH_EMC3_SETUP Operator to confirm WFI line connected,
eventPrompt_14,replyMessage,,14,PH_EMC3_ISOLATE Operator to confirm WFI and PW lines disconnected,
eventPrompt_15,replyMessage,,15,PH_EMC3_SETUP Operator to confirm PW line connected,
eventPrompt_16,replyMessage,,16,PH_EMC3_SETUP Operator to confirm WFI line connected,
eventPrompt_17,replyMessage,,17,PH_EMX1_SETUP_CIPSIP Operator to confirm CIPSIP path is connected,
eventPrompt_18,replyMessage,,18,PH_EMX1_SETUP_FILTER Operator to confirm filters connected,
eventPrompt_19,replyMessage,,19,PH_EMX6_SETUP_CIP Operator to confirm CIP path connected,
eventPrompt_20,replyMessage,,20,PH_EMX6_SETUP_SIP Operator to confirm SIP path connected,
eventPrompt_21,replyMessage,,21,PH_EMX6_FILTER_BLEED Operator to confirm sterile filter has been bled,
eventPrompt_22,replyMessage,,22,PH_EMX1_SETUP_CIPSIP Operator to confirm CIPSIP path is connected,
eventPrompt_23,replyMessage,,23,PH_EMX1_SETUP_FILTER Operator to confirm filters connected,
eventPrompt_24,replyMessage,,24,PH_EMX6_SETUP_CIP Operator to confirm CIP path connected,
eventPrompt_25,replyMessage,,25,PH_EMX6_SETUP_SIP Operator to confirm SIP path connected,
eventPrompt_26,replyMessage,,26,PH_EMX6_FILTER_BLEED Operator to confirm sterile filter has been bled,
eventPrompt_27,replyMessage,,27,PH_EMX2_SETUP Operator to confirm filling machine line connected,
eventPrompt_28,replyMessage,,28,PH_EMX2_ISOLATE Operator to confirm filling machine flowpath disconnected,
eventPrompt_29,replyMessage,,29,PH_EMX2_SETUP Operator to confirm filling machine line connected,
eventPrompt_30,replyMessage,,30,PH_EMX2_ISOLATE Operator to confirm filling machine flowpath disconnected,
eventPrompt_31,replyMessage,,31,UO_MX_FILL Operator to confirm abort due to invalid Hygiene Status,
eventPrompt_32,replyMessage,,32,UO_MX_FILTER Operator to confirm abort due to invalid Hygiene Status,
eventPrompt_33,replyMessage,,33,UO_MX_SETUP Operator to confirm all vessel connections are properly made,
eventPrompt_34,replyMessage,,34,UO_MX_FILTER Operator to confirm filtration completed,
eventPrompt_35,replyMessage,,35,UO_MX_FILL Operator to confirm when ready to start filtration,
eventPrompt_36,replyMessage,,36,UO_MX_FILTER Operator to confirm to start filtration,
eventPrompt_37,replyMessage,,37,UO_MX_MAKE Operator to confirm when manual additions complete,
eventPrompt_38,replyMessage,,38,UO_MX_SETUP Operator to confirm to retry as vacuum pressure not held,
eventPrompt_39,replyMessage,,39,UO_MX_SETUP Operator to confirm retry when vacuum pressure not reached setpoint,
eventPrompt_40,replyMessage,,40,UO_MX_MAKE Operator to select Manufacturing Operation,
eventPrompt_41,replyMessage,,41,UO_MX_MAKE Operator to confirm Mixing vessel ready for tare,
eventPrompt_42,replyMessage,,42,UO_MX_SIP Operator to confirm to retry or abort,
eventPrompt_43,replyMessage,,43,UO_MX_FILL Operator to confirm abort due to invalid Hygiene Status,
eventPrompt_44,replyMessage,,44,UO_MX_FILTER Operator to confirm abort due to invalid Hygiene Status,
eventPrompt_45,replyMessage,,45,UO_MX_SETUP Operator to confirm all vessel connections are properly made,
eventPrompt_46,replyMessage,,46,UO_MX_FILTER Operator to confirm filtration completed,
eventPrompt_47,replyMessage,,47,UO_MX_FILL Operator to confirm when ready to start filtration,
eventPrompt_48,replyMessage,,48,UO_MX_FILTER Operator to confirm to start filtration,
eventPrompt_49,replyMessage,,49,UO_MX_MAKE Operator to confirm when manual additions complete,
eventPrompt_50,replyMessage,,50,UO_MX_SETUP Operator to confirm to retry as vacuum pressure not held,
eventPrompt_51,replyMessage,,51,UO_MX_SETUP Operator to confirm retry when vacuum pressure not reached setpoint,
eventPrompt_52,replyMessage,,52,UO_MX_MAKE Operator to select Manufacturing Operation,
eventPrompt_53,replyMessage,,53,UO_MX_MAKE Operator to confirm Mixing vessel ready for tare,
eventPrompt_54,replyMessage,,54,UO_MX_SIP Operator to confirm to retry or abort,
eventPrompt_55,replyMessage,,55,RP_PCMX_CIPSIP Operator to confirm abort due to invalid Hygiene Status,
eventPrompt_56,replyMessage,,56,RP_PCMX_FILL Operator to confirm to abort due to invalid MX Hygiene Status,
eventPrompt_57,replyMessage,,57,RP_PCMX_FILTER Operator to confirm to abort due to invalid Hygiene Status,
eventPrompt_58,replyMessage,,58,RP_PCMX_MAKE Operator to confirm to abort due to invalid Hygiene Status,
eventPrompt_59,replyMessage,,59,RP_PCMX_CIPSIP Operator to confirm abort due to invalid Hygiene Status,
eventPrompt_60,replyMessage,,60,RP_PCMX_FILL Operator to confirm to abort due to invalid MX Hygiene Status,
eventPrompt_61,replyMessage,,61,RP_PCMX_FILTER Operator to confirm to abort due to invalid Hygiene Status,
eventPrompt_62,replyMessage,,62,RP_PCMX_MAKE Operator to confirm to abort due to invalid Hygiene Status,
eventPrompt_63,replyMessage,,63,RP_PCSY_CIPSIP Operator to confirm to abort due to invalid Hygiene Status,
eventPrompt_64,replyMessage,,64,RP_PCSY_FILL Operator to confirm to abort due to invalid Hygiene Status,
eventPrompt_65,replyMessage,,65,RP_PCSY_CIPSIP Operator to confirm to abort due to invalid Hygiene Status,
eventPrompt_66,replyMessage,,66,RP_PCSY_FILL Operator to confirm to abort due to invalid Hygiene Status,
eventPrompt_67,replyMessage,,67,UO_SY_FILL Operator to confirm abort due to invalid Hygiene Status,
eventPrompt_68,replyMessage,,68,UO_SY_SETUP Operator to confirm all vessel connections are properly made,
eventPrompt_69,replyMessage,,69,UO_SY_FILL Operator to confirm filling machine sterile filter has been bled,
eventPrompt_70,replyMessage,,70,UO_SY_FILL Operator to confirm filling line is ready,
eventPrompt_71,replyMessage,,71,UO_SY_SETUP Operator to confirm to retry as vacuum pressure not held,
eventPrompt_72,replyMessage,,72,UO_SY_SETUP Operator to confirm to retry as vacuum pressure not reached,
eventPrompt_73,replyMessage,,73,UO_SY_FILL Operator to confirm to RESET Filling Paused button or ABORT,
eventPrompt_74,replyMessage,,74,UO_SY_FILL Operator to confirm to start filling,
eventPrompt_75,replyMessage,,75,UO_SY_CIP Operator to confirm if steaming is required,
eventPrompt_76,replyMessage,,76,UO_SY_FILL Operator to confirm transfer is complete,
eventPrompt_77,replyMessage,,77,UO_SY_SIP Operator to confirm to retry or abort,
eventPrompt_78,replyMessage,,78,UO_SY_FILL Operator to confirm abort due to invalid Hygiene Status,
eventPrompt_79,replyMessage,,79,UO_SY_SETUP Operator to confirm all vessel connections are properly made,
eventPrompt_80,replyMessage,,80,UO_SY_FILL Operator to confirm filling machine sterile filter has been bled,
eventPrompt_81,replyMessage,,81,UO_SY_FILL Operator to confirm filling line is ready,
eventPrompt_82,replyMessage,,82,UO_SY_SETUP Operator to confirm to retry as vacuum pressure not held,
eventPrompt_83,replyMessage,,83,UO_SY_SETUP Operator to confirm to retry as vacuum pressure not reached,
eventPrompt_84,replyMessage,,84,UO_SY_FILL Operator to confirm to RESET Filling Paused button or ABORT,
eventPrompt_85,replyMessage,,85,UO_SY_FILL Operator to confirm to start filling,
eventPrompt_86,replyMessage,,86,UO_SY_CIP Operator to confirm if steaming is required,
eventPrompt_87,replyMessage,,87,UO_SY_FILL Operator to confirm transfer is complete,
eventPrompt_88,replyMessage,,88,UO_SY_SIP Operator to confirm to retry or abort,
Text list entry_1,Hygiene,,1,USED,
Text list entry_2,Hygiene,,2,CIP,
Text list entry_3,Hygiene,,3,CLEAN,
Text list entry_4,Hygiene,,4,CLEAN TIMED OUT,
Text list entry_5,Hygiene,,5,SIP,
Text list entry_6,Hygiene,,6,STERILE,
Text list entry_7,Hygiene,,7,STERILE TIMED OUT,
Text list entry_8,Hygiene,,8,BATCH,
Text list entry_1,Seq_Status,,0,Stopped,
Text list entry_2,Seq_Status,,1,Running,
Text list entry_3,Seq_Status,,2,Paused,
Text list entry_4,Seq_Status,,3,Resumed,
Text list entry_5,Seq_Status,,4,Mode Error,
Text list entry_6,Seq_Status,,5,Cmd Error,
Text list entry_7,Seq_Status,,6,Aborted,
Text list entry_8,Seq_Status,,7,Acknowledged,
Text list entry_9,Seq_Status,,8,Completed,
Text list entry_1,Owner,,0,Available,
Text list entry_2,Owner,,1,Owned,
Text list entry_3,Owner,,2 - 4,Busy...Wait,
Text list entry_1,Seq_Status_1,,0,Stopped,
Text list entry_2,Seq_Status_1,,1,Running,
Text list entry_3,Seq_Status_1,,2,Paused,
Text list entry_4,Seq_Status_1,,3,Resumed,
Text list entry_5,Seq_Status_1,,4,Mode Error,
Text list entry_6,Seq_Status_1,,5,Cmd Error,
Text list entry_7,Seq_Status_1,,6,Aborted,
Text list entry_8,Seq_Status_1,,7,Acknowledged,
Text list entry_9,Seq_Status_1,,8,Completed,
Text list entry_1,Seq_Status_2,,0,Stopped,
Text list entry_2,Seq_Status_2,,1,Running,
Text list entry_3,Seq_Status_2,,2,Paused,
Text list entry_4,Seq_Status_2,,3,Resumed,
Text list entry_5,Seq_Status_2,,4,Mode Error,
Text list entry_6,Seq_Status_2,,5,Cmd Error,
Text list entry_7,Seq_Status_2,,6,Aborted,
Text list entry_8,Seq_Status_2,,7,Acknowledged,
Text list entry_9,Seq_Status_2,,8,Completed,
Text list entry_1,Seq_Status_3,,0,Stopped,
Text list entry_2,Seq_Status_3,,1,Running,
Text list entry_3,Seq_Status_3,,2,Paused,
Text list entry_4,Seq_Status_3,,3,Resumed,
Text list entry_5,Seq_Status_3,,4,Mode Error,
Text list entry_6,Seq_Status_3,,5,Cmd Error,
Text list entry_7,Seq_Status_3,,6,Aborted,
Text list entry_8,Seq_Status_3,,7,Acknowledged,
Text list entry_9,Seq_Status_3,,8,Completed,
Text list entry_1,Seq_Status_4,,0,Stopped,
Text list entry_2,Seq_Status_4,,1,Running,
Text list entry_3,Seq_Status_4,,2,Paused,
Text list entry_4,Seq_Status_4,,3,Resumed,
Text list entry_5,Seq_Status_4,,4,Mode Error,
Text list entry_6,Seq_Status_4,,5,Cmd Error,
Text list entry_7,Seq_Status_4,,6,Aborted,
Text list entry_8,Seq_Status_4,,7,Acknowledged,
Text list entry_9,Seq_Status_4,,8,Completed,
Text list entry_1,smcState,,0,Stopped,
Text list entry_2,smcState,,1,Running,
Text list entry_3,smcState,,2,Paused,
Text list entry_4,smcState,,3,Resumed,
Text list entry_5,smcState,,4,Mode Error,
Text list entry_6,smcState,,5,Cmd Error,
Text list entry_7,smcState,,6,Aborted,
Text list entry_8,smcState,,7,Acknowledged,
Text list entry_9,smcState,,8,Completed,
Text list entry_1,Seq_Status_6,,0,STOPPED,
Text list entry_2,Seq_Status_6,,1 - 50,RUNNING,
Text list entry_3,Seq_Status_6,,51,INTERLOCKED,
Text list entry_4,Seq_Status_6,,98,ABORTED,
Text list entry_5,Seq_Status_6,,99,COMPLETED,
Text list entry_0,EMA1_State,,0,STOPPED,
Text list entry_1,EMA1_State,,1,MIX,
Text list entry_2,EMA1_State,,51,INTERLOCKED,
Text list entry_3,EMA1_State,,98,ABORTED,
Text list entry_4,EMA1_State,,99,COMPLETED,
Text list entry_0,EMC1_State,,0,STOPPED,
Text list entry_1,EMC1_State,,1,PRESSURE,
Text list entry_2,EMC1_State,,2,VALVE,
Text list entry_3,EMC1_State,,51,INTERLOCKED,
Text list entry_4,EMC1_State,,98,ABORTED,
Text list entry_5,EMC1_State,,99,COMPLETED,
Text list entry_0,EMC2_State,,0,STOPPED,
Text list entry_1,EMC2_State,,1,CHARGE,
Text list entry_2,EMC2_State,,2,FLUSH,
Text list entry_3,EMC2_State,,3,ISOLATE,
Text list entry_4,EMC2_State,,4,SETUP,
Text list entry_5,EMC2_State,,51,INTERLOCKED,
Text list entry_6,EMC2_State,,98,ABORTED,
Text list entry_7,EMC2_State,,99,COMPLETED,
Text list entry_0,EMC3_State,,0,STOPPED,
Text list entry_1,EMC3_State,,1,FLUSH,
Text list entry_2,EMC3_State,,2,ISOLATE,
Text list entry_3,EMC3_State,,3,SETUP,
Text list entry_4,EMC3_State,,51,INTERLOCKED,
Text list entry_5,EMC3_State,,98,ABORTED,
Text list entry_6,EMC3_State,,99,COMPLETED,
Text list entry_0,EMG1_State,,0,STOPPED,
Text list entry_1,EMG1_State,,1,FILTER,
Text list entry_2,EMG1_State,,2,SIP,
Text list entry_3,EMG1_State,,51,INTERLOCKED,
Text list entry_4,EMG1_State,,98,ABORTED,
Text list entry_5,EMG1_State,,99,COMPLETED,
Text list entry_0,EMM1_State,,0,STOPPED,
Text list entry_1,EMM1_State,,1,MEASURE,
Text list entry_2,EMM1_State,,2,TARE,
Text list entry_3,EMM1_State,,51,INTERLOCKED,
Text list entry_4,EMM1_State,,98,ABORTED,
Text list entry_5,EMM1_State,,99,COMPLETED,
Text list entry_0,EMT1_State,,0,STOPPED,
Text list entry_1,EMT1_State,,1,COOL,
Text list entry_2,EMT1_State,,2,DRAIN,
Text list entry_3,EMT1_State,,3,PREEMPT,
Text list entry_4,EMT1_State,,51,INTERLOCKED,
Text list entry_5,EMT1_State,,98,ABORTED,
Text list entry_6,EMT1_State,,99,COMPLETED,
Text list entry_0,EMV1_State,,0,STOPPED,
Text list entry_1,EMV1_State,,1,DISCHARGE,
Text list entry_2,EMV1_State,,2,ISOLATE,
Text list entry_3,EMV1_State,,3,MANWAY,
Text list entry_4,EMV1_State,,51,INTERLOCKED,
Text list entry_5,EMV1_State,,98,ABORTED,
Text list entry_6,EMV1_State,,99,COMPLETED,
Text list entry_0,EMV2_State,,0,STOPPED,
Text list entry_1,EMV2_State,,1,CHARGE,
Text list entry_2,EMV2_State,,2,PULSE,
Text list entry_3,EMV2_State,,51,INTERLOCKED,
Text list entry_4,EMV2_State,,98,ABORTED,
Text list entry_5,EMV2_State,,99,COMPLETED,
Text list entry_0,EMX1_State,,0,STOPPED,
Text list entry_1,EMX1_State,,1,CIP_MMFLX,
Text list entry_2,EMX1_State,,2,CIP_MX,
Text list entry_3,EMX1_State,,3,FILTER,
Text list entry_4,EMX1_State,,4,SETUP_CIPSIP,
Text list entry_5,EMX1_State,,5,SETUP_FILTER,
Text list entry_6,EMX1_State,,6,SIP,
Text list entry_7,EMX1_State,,51,INTERLOCKED,
Text list entry_8,EMX1_State,,98,ABORTED,
Text list entry_9,EMX1_State,,99,COMPLETED,
Text list entry_0,EMX2_State,,0,STOPPED,
Text list entry_1,EMX2_State,,1,CIP_SY,
Text list entry_2,EMX2_State,,2,FILL_MX,
Text list entry_3,EMX2_State,,3,FILL_SY,
Text list entry_4,EMX2_State,,4,FILTER,
Text list entry_5,EMX2_State,,5,ISOLATE,
Text list entry_6,EMX2_State,,6,SETUP,
Text list entry_7,EMX2_State,,7,SIP,
Text list entry_8,EMX2_State,,51,INTERLOCKED,
Text list entry_9,EMX2_State,,98,ABORTED,
Text list entry_10,EMX2_State,,99,COMPLETED,
Text list entry_0,EMX4_State,,0,STOPPED,
Text list entry_1,EMX4_State,,1,CIP,
Text list entry_2,EMX4_State,,2,SIP,
Text list entry_3,EMX4_State,,3,SIP_PULSE,
Text list entry_4,EMX4_State,,51,INTERLOCKED,
Text list entry_5,EMX4_State,,98,ABORTED,
Text list entry_6,EMX4_State,,99,COMPLETED,
Text list entry_0,EMX5_State,,0,STOPPED,
Text list entry_1,EMX5_State,,1,FILL,
Text list entry_2,EMX5_State,,51,INTERLOCKED,
Text list entry_3,EMX5_State,,98,ABORTED,
Text list entry_4,EMX5_State,,99,COMPLETED,
Text list entry_0,EMX6_State,,0,STOPPED,
Text list entry_1,EMX6_State,,1,CIP,
Text list entry_2,EMX6_State,,2,FILTER,
Text list entry_3,EMX6_State,,3,FILTER_BLEED,
Text list entry_4,EMX6_State,,4,SETUP_CIP,
Text list entry_5,EMX6_State,,5,SETUP_SIP,
Text list entry_6,EMX6_State,,6,SIP,
Text list entry_7,EMX6_State,,51,INTERLOCKED,
Text list entry_8,EMX6_State,,98,ABORTED,
Text list entry_9,EMX6_State,,99,COMPLETED,
Text list entry_0,MX_State,,0,STOPPED,
Text list entry_1,MX_State,,1 - 50,RUNNING,
Text list entry_7,MX_State,,51,INTERLOCKED,
Text list entry_8,MX_State,,98,ABORTED,
Text list entry_9,MX_State,,99,COMPLETED,
Text list entry_0,SY_State,,0,STOPPED,
Text list entry_1,SY_State,,1,CIP,
Text list entry_2,SY_State,,2,FILL,
Text list entry_3,SY_State,,3,FILTER,
Text list entry_4,SY_State,,4,SETUP,
Text list entry_5,SY_State,,5,SIP,
Text list entry_6,SY_State,,51,INTERLOCKED,
Text list entry_7,SY_State,,98,ABORTED,
Text list entry_8,SY_State,,99,COMPLETED,
Text list entry_0,PCMX_State,,0,STOPPED,
Text list entry_1,PCMX_State,,1,CIPSIP,
Text list entry_2,PCMX_State,,2,FILL,
Text list entry_3,PCMX_State,,3,FILTER,
Text list entry_4,PCMX_State,,4,MAKE,
Text list entry_5,PCMX_State,,51,INTERLOCKED,
Text list entry_6,PCMX_State,,98,ABORTED,
Text list entry_7,PCMX_State,,99,COMPLETED,
Text list entry_0,PCSY_State,,0,STOPPED,
Text list entry_1,PCSY_State,,1,CIPSIP,
Text list entry_2,PCSY_State,,2,FILL,
Text list entry_3,PCSY_State,,51,INTERLOCKED,
Text list entry_4,PCSY_State,,98,ABORTED,
Text list entry_5,PCSY_State,,99,COMPLETED,
Text_list_entry_1,VS1_State,,1,DISABLED,
Text_list_entry_2,VS1_State,,2,ENABLED,
Text_list_entry_3,VS1_State,,3,FAULT,
Text list entry_1,MX_Subs,,1,CIP,
Text list entry_2,MX_Subs,,2,FILL,
Text list entry_3,MX_Subs,,3,FILTER,
Text list entry_4,MX_Subs,,4,MAKE,
Text list entry_5,MX_Subs,,5,SETUP,
Text list entry_6,MX_Subs,,6,SIP,
